name,yearFrom,yearTo,lifespan,power,tractiveEffort,topSpeed,weight,carrier,cargo_type,loadSpeed,vehicle_type
aboag_v2,1922,1972,21915,35.0,8.0,9.7200002670288,5.0,ROAD,{'PASSENGERS': 44},1.5,bus
benz_o6600_v2,1954,2000,21915,107.0,12.0,19.440000534058,9.0,ROAD,{'PASSENGERS': 56},2.0,bus
berkhof_duvedec_v2,1986,0,21915,180.0,30.0,25.0,15.0,ROAD,{'PASSENGERS': 92},5.0,bus
ecitaro_v2,2019,0,25568,150.0,30.0,19.440000534058,14.0,ROAD,{'PASSENGERS': 68},5.0,bus
et13_v2,1905,1956,21915,20.0,6.0,6.9400000572205,4.0,ROAD,{'PASSENGERS': 32},1.5,bus
landauer_v2,1891,1942,21915,10.0,8.0,5.5599999427795,2.0,ROAD,{'PASSENGERS': 24},1.0,bus
man_sl_192_v2,1970,2020,21915,141.0,20.0,22.219999313354,16.0,ROAD,{'PASSENGERS': 64},3.0,bus
obeissante_v2,1870,1924,21915,4.0,5.0,4.7199997901917,2.0,ROAD,{'PASSENGERS': 20},1.0,bus
postkutsche_v2,1850,1907,21915,2.0,2.0,5.0,1.0,ROAD,{'PASSENGERS': 16},1.0,bus
saurer_tuescher_v2,1939,1988,21915,80.0,10.0,13.890000343323,8.0,ROAD,{'PASSENGERS': 40},2.0,bus
volvo_5000_v2,1997,0,21915,120.0,15.0,27.780000686646,10.0,ROAD,{'PASSENGERS': 68},3.0,bus
bk_670_v2,1976,2025,21915,210.0,30.0,22.219999313354,16.0,ROAD,{'PASSENGERS': 84},3.0,bus
droshky_v2,1884,1914,21915,5.0,3.0,5.5555553436279,1.0,ROAD,{'PASSENGERS': 20},1.0,bus
dux_v2,1902,1932,21915,20.0,10.0,8.3333330154419,2.0,ROAD,{'PASSENGERS': 20},1.0,bus
fuso_b46_v2,1932,1975,21915,80.0,15.0,13.890000343323,10.0,ROAD,{'PASSENGERS': 40},3.0,bus
gaggenau_c40_v2,1909,1955,21915,45.0,10.0,11.109999656677,4.5,ROAD,{'PASSENGERS': 32},2.0,bus
maz_103_v2,1996,0,21915,170.0,35.0,27.780000686646,11.0,ROAD,{'PASSENGERS': 76},4.0,bus
troika_v2,1850,1890,21915,3.0,3.0,5.0,2.0,ROAD,{'PASSENGERS': 12},1.0,bus
zis_155_v2,1949,1990,21915,80.0,15.0,16.670000076294,9.0,ROAD,{'PASSENGERS': 48},3.0,bus
zuhai_gtq_6186bevbt3_v2,2017,0,21915,160.0,36.0,16.670000076294,17.0,ROAD,{'PASSENGERS': 108},4.0,bus
american_post_coach_v2,1875,1930,21915,2.0,2.0,5.5555553436279,1.0,ROAD,{'PASSENGERS': 20},1.0,bus
chevrolet_c60_1974_v2,1976,2025,21915,160.0,20.0,22.219999313354,6.0,ROAD,{'PASSENGERS': 52},2.0,bus
d40_v2,1990,0,21915,190.0,28.0,25.0,12.0,ROAD,{'PASSENGERS': 72},3.0,bus
gm_fishbowl_v2,1959,2010,21915,160.0,14.0,16.670000076294,8.0,ROAD,{'PASSENGERS': 60},3.0,bus
horse_carriage_v2,1850,1905,21915,1.0,2.0,5.0,1.0,ROAD,{'PASSENGERS': 16},1.0,bus
mack_1900_usa_v2,1900,1952,21915,24.0,6.0,6.9400000572205,4.0,ROAD,{'PASSENGERS': 36},1.5,bus
schneider_pb2_v2,1921,1975,21915,35.0,8.0,9.7200002670288,5.0,ROAD,{'PASSENGERS': 36},2.0,bus
twin_coach_v2,1942,1989,21915,88.0,10.0,13.890000343323,6.9000000953674,ROAD,{'PASSENGERS': 56},2.0,bus
wright_streetcar_rtv_v2,2008,0,21915,220.0,36.0,27.780000686646,30.0,ROAD,{'PASSENGERS': 104},4.0,bus
airbus_a320_v2,1992,0,36525,146320.0,,230.0,64400.0,AIR,{'PASSENGERS': 148},7.0,plane
bae_146_cargo_v2,1978,0,42369,74640.0,,209.0,35574.399999999994,AIR,"{'STEEL': 40, 'GOODS': 40, 'LOGS': 40, 'COAL': 40, 'IRON_ORE': 40, 'STONE': 40, 'GRAIN': 40, 'CRUDE': 40, 'PLANKS': 40, 'PLASTIC': 40, 'OIL': 40, 'CONSTRUCTION_MATERIALS': 40, 'MACHINES': 40, 'FUEL': 40, 'TOOLS': 40, 'FOOD': 40}",2.0,plane
bae_146_v2,1978,0,42369,74640.0,,209.0,35574.399999999994,AIR,{'PASSENGERS': 80},2.0,plane
boeing_737_700_c_v2,1998,0,36525,120000.0,,270.55999755859,56800.0,AIR,"{'STEEL': 40, 'GOODS': 40, 'LOGS': 40, 'COAL': 40, 'IRON_ORE': 40, 'STONE': 40, 'GRAIN': 40, 'CRUDE': 40, 'PLANKS': 40, 'PLASTIC': 40, 'OIL': 40, 'CONSTRUCTION_MATERIALS': 40, 'MACHINES': 40, 'FUEL': 40, 'TOOLS': 40, 'FOOD': 40}",3.0,plane
boeing_737_700_v2,1998,0,36525,120000.0,,270.55999755859,56800.0,AIR,{'PASSENGERS': 132},3.0,plane
boeing_737_cargo_v2,1962,2020,42369,79360.0,,216.0,41420.0,AIR,"{'STEEL': 40, 'GOODS': 40, 'LOGS': 40, 'COAL': 40, 'IRON_ORE': 40, 'STONE': 40, 'GRAIN': 40, 'CRUDE': 40, 'PLANKS': 40, 'PLASTIC': 40, 'OIL': 40, 'CONSTRUCTION_MATERIALS': 40, 'MACHINES': 40, 'FUEL': 40, 'TOOLS': 40, 'FOOD': 40}",6.0,plane
boeing_737_v2,1968,2020,36525,79360.0,,216.0,41420.0,AIR,{'PASSENGERS': 80},6.0,plane
boeing_757_cargo_v2,1984,0,42369,223200.0,,248.0,92540.0,AIR,"{'STEEL': 68, 'GOODS': 68, 'LOGS': 68, 'COAL': 68, 'IRON_ORE': 68, 'STONE': 68, 'GRAIN': 68, 'CRUDE': 68, 'PLANKS': 68, 'PLASTIC': 68, 'OIL': 68, 'CONSTRUCTION_MATERIALS': 68, 'MACHINES': 68, 'FUEL': 68, 'TOOLS': 68, 'FOOD': 68}",6.0,plane
boeing_757_v2,1984,0,36525,223200.0,,248.0,92540.0,AIR,{'PASSENGERS': 200},10.0,plane
bombardier_cs300_v2,2013,0,36525,144520.0,,231.0,52200.0,AIR,{'PASSENGERS': 152},7.0,plane
bombardier_dhc_8_402pf_v2,2000,0,42369,96000.0,,180.0,25416.199999999997,AIR,"{'STEEL': 88, 'GOODS': 88, 'LOGS': 88, 'COAL': 88, 'IRON_ORE': 88, 'STONE': 88, 'GRAIN': 88, 'CRUDE': 88, 'PLANKS': 88, 'PLASTIC': 88, 'OIL': 88, 'CONSTRUCTION_MATERIALS': 88, 'MACHINES': 88, 'FUEL': 88, 'TOOLS': 88, 'FOOD': 88}",2.0,plane
bombardier_q400_v2,2000,0,42369,96000.0,,180.0,25416.199999999997,AIR,{'PASSENGERS': 88},2.0,plane
bristol_freighter_v2,1946,1980,42369,24000.0,,97.220001220703,16700.0,AIR,"{'PASSENGERS': 28, 'STEEL': 28, 'GOODS': 28, 'LOGS': 28, 'COAL': 28, 'IRON_ORE': 28, 'STONE': 28, 'GRAIN': 28, 'CRUDE': 28, 'PLANKS': 28, 'PLASTIC': 28, 'OIL': 28, 'CONSTRUCTION_MATERIALS': 28, 'MACHINES': 28, 'FUEL': 28, 'TOOLS': 28, 'FOOD': 28}",2.0,plane
canadair_cl_44_v2,1959,2000,42369,132000.0,,179.0,68983.6,AIR,"{'STEEL': 36, 'GOODS': 36, 'LOGS': 36, 'COAL': 36, 'IRON_ORE': 36, 'STONE': 36, 'GRAIN': 36, 'CRUDE': 36, 'PLANKS': 36, 'PLASTIC': 36, 'OIL': 36, 'CONSTRUCTION_MATERIALS': 36, 'MACHINES': 36, 'FUEL': 36, 'TOOLS': 36, 'FOOD': 36}",2.0,plane
de_havilland_comet_4b_v2,1960,2000,29220,99760.0,,201.0,56160.0,AIR,{'PASSENGERS': 84},4.0,plane
dornier_b_merkur_v2,1925,1960,21915,4800.0,,48.610000610352,3140.0,AIR,{'PASSENGERS': 20},1.0,plane
douglas_c49_skytrain_v2,1942,1980,42369,15000.0,,92.0,9920.0,AIR,"{'STEEL': 40, 'GOODS': 40, 'LOGS': 40, 'COAL': 40, 'IRON_ORE': 40, 'STONE': 40, 'GRAIN': 40, 'CRUDE': 40, 'PLANKS': 40, 'PLASTIC': 40, 'OIL': 40, 'CONSTRUCTION_MATERIALS': 40, 'MACHINES': 40, 'FUEL': 40, 'TOOLS': 40, 'FOOD': 40}",2.0,plane
douglas_dc3_v2,1935,1970,29220,15000.0,,92.0,9920.0,AIR,{'PASSENGERS': 40},2.0,plane
douglas_dc4_v2,1944,1975,29220,42000.0,,101.0,27700.0,AIR,{'PASSENGERS': 60},2.0,plane
hercules_l100_v2,1962,0,42369,84000.0,,150.0,56284.0,AIR,"{'STEEL': 32, 'GOODS': 32, 'LOGS': 32, 'COAL': 32, 'IRON_ORE': 32, 'STONE': 32, 'GRAIN': 32, 'CRUDE': 32, 'PLANKS': 32, 'PLASTIC': 32, 'OIL': 32, 'CONSTRUCTION_MATERIALS': 32, 'MACHINES': 32, 'FUEL': 32, 'TOOLS': 32, 'FOOD': 32}",6.0,plane
junkers_f_13_v2,1920,1950,21915,2100.0,,38.0,1480.0,AIR,{'PASSENGERS': 12},1.0,plane
junkers_ju_52_v2,1933,1982,42369,9000.0,,55.560001373291,8588.0,AIR,"{'PASSENGERS': 20, 'STEEL': 20, 'GOODS': 20, 'LOGS': 20, 'COAL': 20, 'IRON_ORE': 20, 'STONE': 20, 'GRAIN': 20, 'CRUDE': 20, 'PLANKS': 20, 'PLASTIC': 20, 'OIL': 20, 'CONSTRUCTION_MATERIALS': 20, 'MACHINES': 20, 'FUEL': 20, 'TOOLS': 20, 'FOOD': 20}",2.0,plane
short_330_v2,1976,0,29220,18000.0,,126.38999938965,9142.6,AIR,"{'PASSENGERS': 24, 'STEEL': 24, 'GOODS': 24, 'LOGS': 24, 'COAL': 24, 'IRON_ORE': 24, 'STONE': 24, 'GRAIN': 24, 'CRUDE': 24, 'PLANKS': 24, 'PLASTIC': 24, 'OIL': 24, 'CONSTRUCTION_MATERIALS': 24, 'MACHINES': 24, 'FUEL': 24, 'TOOLS': 24, 'FOOD': 24}",2.0,plane
sukhoi_superjet_100_v2,2000,0,42369,82200.0,,242.0,37228.0,AIR,{'PASSENGERS': 80},2.0,plane
super_connie_cargo_v2,1952,1986,36525,60000.0,,135.0,45160.0,AIR,"{'STEEL': 36, 'GOODS': 36, 'LOGS': 36, 'COAL': 36, 'IRON_ORE': 36, 'STONE': 36, 'GRAIN': 36, 'CRUDE': 36, 'PLANKS': 36, 'PLASTIC': 36, 'OIL': 36, 'CONSTRUCTION_MATERIALS': 36, 'MACHINES': 36, 'FUEL': 36, 'TOOLS': 36, 'FOOD': 36}",4.0,plane
super_connie_v2,1952,1986,36525,60000.0,,135.0,45160.0,AIR,{'PASSENGERS': 76},4.0,plane
tupolev_tu_204_cargo_v2,1995,0,42369,204000.0,,236.0,85768.0,AIR,"{'STEEL': 72, 'GOODS': 72, 'LOGS': 72, 'COAL': 72, 'IRON_ORE': 72, 'STONE': 72, 'GRAIN': 72, 'CRUDE': 72, 'PLANKS': 72, 'PLASTIC': 72, 'OIL': 72, 'CONSTRUCTION_MATERIALS': 72, 'MACHINES': 72, 'FUEL': 72, 'TOOLS': 72, 'FOOD': 72}",2.0,plane
tupolev_tu_204_v2,1995,0,42369,204000.0,,236.0,85768.0,AIR,{'PASSENGERS': 220},1.0,plane
vickers_victoria_v2,1922,1960,29220,7200.0,,41.669998168945,6667.400000000001,AIR,"{'STEEL': 32, 'GOODS': 32, 'LOGS': 32, 'COAL': 32, 'IRON_ORE': 32, 'STONE': 32, 'GRAIN': 32, 'CRUDE': 32, 'PLANKS': 32, 'PLASTIC': 32, 'OIL': 32, 'CONSTRUCTION_MATERIALS': 32, 'MACHINES': 32, 'FUEL': 32, 'TOOLS': 32, 'FOOD': 32}",2.0,plane
damen_ferry_v2,2009,0,36525,5760000.0,,19.444444656372,123000.0,WATER,{'PASSENGERS': 400},100.0,ship
ds_schaffhausen_v2,1913,1985,36525,600000.0,,8.8888893127441,135000.0,WATER,"{'PASSENGERS': 260, 'STEEL': 260, 'GOODS': 260, 'LOGS': 260, 'COAL': 260, 'IRON_ORE': 260, 'STONE': 260, 'GRAIN': 260, 'CRUDE': 260, 'PLANKS': 260, 'PLASTIC': 260, 'OIL': 260, 'CONSTRUCTION_MATERIALS': 260, 'MACHINES': 260, 'FUEL': 260, 'TOOLS': 260, 'FOOD': 260}",40.0,ship
dunara_castle_v2,1875,1940,36525,450000.0,,6.94444444444,177000.0,WATER,"{'PASSENGERS': 200, 'LOGS': 200, 'COAL': 200, 'IRON_ORE': 200, 'STONE': 200, 'GRAIN': 200, 'STEEL': 200, 'PLANKS': 200, 'PLASTIC': 200, 'CONSTRUCTION_MATERIALS': 200, 'MACHINES': 200, 'TOOLS': 200, 'FOOD': 200, 'GOODS': 200, 'OIL': 200, 'CRUDE': 200, 'FUEL': 200}",50.0,ship
frontenac_v2,1885,1940,36525,500000.0,,7.777777671814,206000.0,WATER,{'PASSENGERS': 340},30.0,ship
gms_axalp_v2,1950,0,36525,1300000.0,,8.3333330154419,800000.0,WATER,"{'LOGS': 220, 'COAL': 220, 'IRON_ORE': 220, 'STONE': 220, 'GRAIN': 220, 'STEEL': 220, 'PLANKS': 220, 'PLASTIC': 220, 'CONSTRUCTION_MATERIALS': 220, 'MACHINES': 220, 'TOOLS': 220, 'FOOD': 220, 'GOODS': 220}",60.0,ship
graf_zeppelin_v2,1980,0,36525,1400000.0,,9.7200002670288,360000.0,WATER,{'PASSENGERS': 600},75.0,ship
herkules_xi_tanker_v3,1990,0,36525,1600000.0,,7.777777671814,1157000.0,WATER,"{'CRUDE': 700, 'OIL': 700, 'FUEL': 700}",100.0,ship
herkules_xi_universal_v3,1990,0,36525,1600000.0,,7.777777671814,1157000.0,WATER,"{'LOGS': 600, 'COAL': 600, 'IRON_ORE': 600, 'STONE': 600, 'GRAIN': 600, 'STEEL': 600, 'PLANKS': 600, 'PLASTIC': 600, 'CONSTRUCTION_MATERIALS': 600, 'MACHINES': 600, 'TOOLS': 600, 'FOOD': 600, 'GOODS': 600}",100.0,ship
klondike_v2,1898,1960,36525,800000.0,,8.3333330154419,600000.0,WATER,"{'PASSENGERS': 220, 'LOGS': 220, 'COAL': 220, 'IRON_ORE': 220, 'STONE': 220, 'GRAIN': 220, 'STEEL': 220, 'PLANKS': 220, 'PLASTIC': 220, 'CONSTRUCTION_MATERIALS': 220, 'MACHINES': 220, 'TOOLS': 220, 'FOOD': 220, 'GOODS': 220}",40.0,ship
merlin_v2,1990,0,36525,2800000.0,,8.8888893127441,1400000.0,WATER,"{'LOGS': 252, 'COAL': 252, 'IRON_ORE': 252, 'STONE': 252, 'GRAIN': 252, 'STEEL': 252, 'PLANKS': 252, 'PLASTIC': 252, 'CONSTRUCTION_MATERIALS': 252, 'MACHINES': 252, 'TOOLS': 252, 'FOOD': 252, 'GOODS': 252}",100.0,ship
rigi,1850,1930,36525,250000.0,,6.9444446563721,67000.0,WATER,"{'PASSENGERS': 140, 'STEEL': 140, 'GOODS': 140, 'LOGS': 140, 'COAL': 140, 'IRON_ORE': 140, 'STONE': 140, 'GRAIN': 140, 'CRUDE': 140, 'PLANKS': 140, 'PLASTIC': 140, 'OIL': 140, 'CONSTRUCTION_MATERIALS': 140, 'MACHINES': 140, 'FUEL': 140, 'TOOLS': 140, 'FOOD': 140}",20.0,ship
srn6_v2,1970,0,36525,1400000.0,,25.833333969116,10000.0,WATER,{'PASSENGERS': 80},5.0,ship
vandal_v2,1900,1960,36525,1000000.0,,7.22222222222,700000.0,WATER,"{'CRUDE': 260, 'OIL': 260, 'FUEL': 260}",60.0,ship
viola_v3,1950,0,36525,2000000.0,,8.3333330154419,1100000.0,WATER,"{'CRUDE': 240, 'OIL': 240, 'FUEL': 240}",100.0,ship
virgo_tanker_v3,2013,0,36525,3000000.0,,8.3333330154419,1154000.0,WATER,"{'CRUDE': 752, 'OIL': 752, 'FUEL': 752}",100.0,ship
virgo_universal_v3,2013,0,36525,3000000.0,,8.3333330154419,1154000.0,WATER,"{'LOGS': 652, 'COAL': 652, 'IRON_ORE': 652, 'STONE': 652, 'GRAIN': 652, 'STEEL': 652, 'PLANKS': 652, 'PLASTIC': 652, 'CONSTRUCTION_MATERIALS': 652, 'MACHINES': 652, 'TOOLS': 652, 'FOOD': 652, 'GOODS': 652}",100.0,ship
votrans_tanker_v2,1943,0,36525,1000000.0,,7.5,1157000.0,WATER,"{'CRUDE': 800, 'OIL': 800, 'FUEL': 800}",100.0,ship
votrans_universal_v2,1943,0,36525,1000000.0,,7.5,1157000.0,WATER,"{'LOGS': 700, 'COAL': 700, 'IRON_ORE': 700, 'STONE': 700, 'GRAIN': 700, 'STEEL': 700, 'PLANKS': 700, 'PLASTIC': 700, 'CONSTRUCTION_MATERIALS': 700, 'MACHINES': 700, 'TOOLS': 700, 'FOOD': 700, 'GOODS': 700}",100.0,ship
wilhelm_v2,1850,1910,36525,300000.0,,6.111111164093,149000.0,WATER,"{'PASSENGERS': 140, 'LOGS': 140, 'COAL': 140, 'IRON_ORE': 140, 'STONE': 140, 'GRAIN': 140, 'STEEL': 140, 'PLANKS': 140, 'PLASTIC': 140, 'CONSTRUCTION_MATERIALS': 140, 'MACHINES': 140, 'TOOLS': 140, 'FOOD': 140, 'GOODS': 140}",20.0,ship
zoroaster_v4,1850,1910,36525,400000.0,,6.111111164093,350000.0,WATER,"{'CRUDE': 180, 'OIL': 180, 'FUEL': 180}",20.0,ship
zurich_v2,1935,0,36525,1200000.0,,8.8888893127441,235000.0,WATER,{'PASSENGERS': 600},50.0,ship
a3_5_705_v2,1900,1960,25568,1000.0,115.0,27.780000686646,107.0,RAIL,{'loco': None},1.0,train
ae_4_7_v2,1927,1980,32873,2300.0,196.0,27.780000686646,121.0,RAIL,{'loco': None},1.0,train
borsig_1860_v2,1862,1910,21915,90.0,25.0,12.5,32.0,RAIL,{'loco': None},1.0,train
br53_preus_g3_v2,1875,1927,21915,200.0,50.0,13.890000343323,38.0,RAIL,{'loco': None},1.0,train
br75_4_v2,1914,1970,29220,580.0,85.0,25.0,76.0,RAIL,{'loco': None},1.0,train
br89_v2,1882,1932,25568,213.0,40.0,11.109999656677,30.0,RAIL,{'loco': None},1.0,train
br_103_1_v2,1970,0,32873,7440.0,312.0,55.560001373291,114.0,RAIL,{'loco': None},1.0,train
br_185_traxx_v2,2000,0,36525,4200.0,300.0,44.439998626709,84.0,RAIL,{'loco': None},1.0,train
br_218_v2,1971,0,29220,1839.0,235.0,38.889999389648,80.0,RAIL,{'loco': None},1.0,train
br_246_traxx_v2,2000,0,29220,2000.0,240.0,44.439998626709,80.0,RAIL,{'loco': None},1.0,train
br_e94_v2,1938,1995,36525,3000.0,363.0,25.0,119.0,RAIL,{'loco': None},1.0,train
c6_8_v2,1921,1971,32873,1650.0,150.0,20.829999923706,128.0,RAIL,{'loco': None},1.0,train
d1_3_v2,1850,1897,21915,66.0,20.0,11.109999656677,30.0,RAIL,{'loco': None},1.0,train
db_v100_v2,1958,2015,29220,809.0,177.0,25.0,62.0,RAIL,{'loco': None},1.0,train
eurodual_v2,2018,0,36525,7000.0,500.0,44.439998626709,91.0,RAIL,{'loco': None},1.0,train
ice1_front_v2,1991,0,36525,4400.0,100.0,77.779998779297,70.0,RAIL,{'loco': None},1.0,train
ice1_middle1_v2,1991,0,36525,,,77.779998779297,35.0,RAIL,{'PASSENGERS': 72},2.0,train
ice1_middle2_v2,1991,0,36525,,,77.779998779297,35.0,RAIL,{'PASSENGERS': 72},2.0,train
lner_class_a4_v2,1935,1985,29220,1986.0,158.0,40.279998779297,105.0,RAIL,{'loco': None},1.0,train
lner_flying_scotsman_v2,1925,1975,29220,1655.0,135.0,33.330001831055,97.800003051758,RAIL,{'loco': None},1.0,train
nohab_m1_v2,1954,2010,29220,1450.0,200.0,33.330001831055,108.0,RAIL,{'loco': None},1.0,train
nohab_m2_v2,1954,2010,29220,1450.0,200.0,33.330001831055,108.0,RAIL,{'loco': None},1.0,train
obb_1042_v2,1960,2025,36525,3300.0,260.0,38.889999389648,83.900001525879,RAIL,{'loco': None},1.0,train
plm_220_v2,1890,1940,25568,450.0,75.0,16.670000076294,57.400001525879,RAIL,{'loco': None},1.0,train
rabde_12_12_front_v2,1965,0,36525,815.0,80.0,34.720001220703,60.0,RAIL,{'PASSENGERS': 76},3.0,train
rabde_12_12_middle1_v2,1965,0,36525,815.0,80.0,34.720001220703,60.0,RAIL,{'PASSENGERS': 76},3.0,train
re_44i_v2,1948,2005,40178,1850.0,138.0,34.720001220703,57.0,RAIL,{'loco': None},1.0,train
re_450_back_v2,1988,0,36525,,,36.110000610352,50.0,RAIL,{'PASSENGERS': 132},4.0,train
re_450_front_v2,1988,0,36525,3000.0,280.0,36.110000610352,75.0,RAIL,{'loco': None},1.0,train
re_450_middle1_v2,1988,0,36525,,,36.110000610352,48.0,RAIL,{'PASSENGERS': 132},4.0,train
roterpfeil_v2,1935,1992,29220,315.0,45.0,34.720001220703,33.0,RAIL,{'PASSENGERS': 80},2.0,train
schienenbus_v2,1950,2010,29220,96.0,15.0,25.0,13.0,RAIL,{'PASSENGERS': 60},3.0,train
tgv_front_v2,1981,0,36525,3225.0,350.0,83.330001831055,70.0,RAIL,{'loco': None},1.0,train
tgv_middle1_v2,1981,0,36525,,,83.330001831055,35.0,RAIL,{'PASSENGERS': 72},2.0,train
tgv_middle2_v2,1981,0,36525,,,83.330001831055,35.0,RAIL,{'PASSENGERS': 72},2.0,train
tgv_middle3_v2,1981,0,36525,,,83.330001831055,35.0,RAIL,{'PASSENGERS': 72},2.0,train
tgv_middle4_v2,1981,0,36525,,,83.330001831055,35.0,RAIL,{'PASSENGERS': 72},2.0,train
twindexx_front_v2,2014,0,36525,1900.0,280.0,55.560001373291,70.0,RAIL,{'PASSENGERS': 92},4.0,train
twindexx_middle1_v2,2014,0,36525,,,55.560001373291,55.0,RAIL,{'PASSENGERS': 152},4.0,train
china_df4b_v2,1984,0,36525,2650.0,243.0,33.330001831055,138.0,RAIL,{'loco': None},1.0,train
china_df5_v2,1976,0,36525,1200.0,325.0,22.219999313354,138.0,RAIL,{'loco': None},1.0,train
china_hxd3b_v2,2009,0,36525,7200.0,506.0,33.330001831055,150.0,RAIL,{'loco': None},1.0,train
china_jf1_v2,1918,1968,36525,1150.0,250.0,22.219999313354,100.0,RAIL,{'loco': None},1.0,train
china_rm_v2,1958,2008,36525,1040.0,180.0,30.559999465942,80.0,RAIL,{'loco': None},1.0,train
china_ss9g_v2,1998,0,36525,4800.0,169.0,47.220001220703,126.0,RAIL,{'loco': None},1.0,train
es1_lastochka_front_v2,2013,0,36525,510.0,66.0,44.439998626709,53.0,RAIL,{'PASSENGERS': 92},4.0,train
es1_lastochka_middle1_v2,2013,0,36525,510.0,66.0,44.439998626709,53.0,RAIL,{'PASSENGERS': 92},4.0,train
es1_lastochka_middle2_v2,2013,0,36525,510.0,66.0,44.439998626709,53.0,RAIL,{'PASSENGERS': 92},4.0,train
fuxing_hao_front_v2,2016,0,36525,1300.0,80.0,83.330001831055,68.0,RAIL,{'PASSENGERS': 72},1.0,train
fuxing_hao_middle1_v2,2016,0,36525,1300.0,80.0,83.330001831055,68.0,RAIL,{'PASSENGERS': 72},1.0,train
fuxing_hao_middle2_v2,2016,0,36525,1300.0,80.0,83.330001831055,68.0,RAIL,{'PASSENGERS': 72},1.0,train
ra2_front_v2,2005,0,36525,350.0,60.0,27.780000686646,44.0,RAIL,{'PASSENGERS': 80},3.0,train
ra2_middle1_v2,2005,0,36525,,,27.780000686646,43.0,RAIL,{'PASSENGERS': 80},3.0,train
russian_class_b_v2,1871,1921,36525,240.0,60.0,13.890000343323,35.0,RAIL,{'loco': None},1.0,train
russian_class_chs4_v2,1966,0,36525,5100.0,300.0,44.439998626709,123.0,RAIL,{'loco': None},1.0,train
russian_class_ed9m_front_v2,1995,0,36525,390.0,55.0,36.110000610352,45.0,RAIL,{'PASSENGERS': 88},4.0,train
russian_class_ed9m_middle1_v2,1995,0,36525,390.0,55.0,36.110000610352,45.0,RAIL,{'PASSENGERS': 88},4.0,train
russian_class_ed9m_middle2_v2,1995,0,36525,390.0,55.0,36.110000610352,45.0,RAIL,{'PASSENGERS': 88},4.0,train
russian_class_fd_v2,1931,1981,36525,2280.0,233.0,23.610000610352,134.0,RAIL,{'loco': None},1.0,train
russian_class_f_fairlie_v2,1884,1934,36525,310.0,130.0,12.5,90.0,RAIL,{'loco': None},1.0,train
russian_class_gv_v2,1863,1913,36525,190.0,50.0,15.279999732971,31.0,RAIL,{'loco': None},1.0,train
russian_class_l_v2,1947,1997,36525,1620.0,221.0,22.219999313354,102.0,RAIL,{'loco': None},1.0,train
russian_class_ob_v2,1890,1940,36525,441.0,95.0,16.670000076294,52.0,RAIL,{'loco': None},1.0,train
russian_class_p36_v2,1954,2004,36525,2260.0,170.0,34.720001220703,135.0,RAIL,{'loco': None},1.0,train
russian_class_pv_v2,1877,1927,36525,300.0,60.0,17.777778625488,31.0,RAIL,{'loco': None},1.0,train
russian_class_sch_v2,1906,1956,36525,460.0,150.0,20.829999923706,78.0,RAIL,{'loco': None},1.0,train
russian_class_su_v2,1927,1977,36525,1213.0,104.0,31.940000534058,85.0,RAIL,{'loco': None},1.0,train
russian_class_s_v2,1910,1960,36525,880.0,140.0,31.940000534058,76.0,RAIL,{'loco': None},1.0,train
russian_class_te3_v2,1956,2006,36525,1236.0,285.0,27.780000686646,126.0,RAIL,{'loco': None},1.0,train
russian_class_t_type1_v2,1857,1907,36525,140.0,30.0,15.279999732971,30.0,RAIL,{'loco': None},1.0,train
russian_class_vl80s_v2,1982,0,36525,6520.0,662.0,30.559999465942,192.0,RAIL,{'loco': None},1.0,train
russian_class_v_type1_v2,1850,1900,36525,60.0,26.0,12.5,33.0,RAIL,{'loco': None},1.0,train
russian_class_ye_v2,1915,1965,36525,1000.0,229.0,19.440000534058,103.0,RAIL,{'loco': None},1.0,train
shinkansen_0s_back_v2,1964,2014,36525,740.0,80.0,61.110000610352,55.0,RAIL,{'PASSENGERS': 80},1.0,train
shinkansen_0s_front_v2,1964,2014,36525,740.0,80.0,61.110000610352,55.0,RAIL,{'PASSENGERS': 80},1.0,train
shinkansen_0s_middle1_v2,1964,2014,36525,740.0,80.0,61.110000610352,55.0,RAIL,{'PASSENGERS': 80},1.0,train
shinkansen_0s_middle2_v2,1964,2014,36525,740.0,80.0,61.110000610352,55.0,RAIL,{'PASSENGERS': 80},1.0,train
alco_hh600_v2,1930,1976,25568,450.0,125.0,22.219999313354,93.0,RAIL,{'loco': None},1.0,train
alco_pa_front_v2,1946,1994,29220,1680.0,227.0,52.220001220703,139.0,RAIL,{'loco': None},1.0,train
alco_pb_back_v2,1946,1994,29220,1680.0,227.0,52.220001220703,139.0,RAIL,{'loco': None},1.0,train
atlantic_4_4_2_v2,1902,1951,29220,700.0,100.0,27.780000686646,130.0,RAIL,{'loco': None},1.0,train
avelia_liberty_back_v2,2021,0,36525,2500.0,100.0,83.330001831055,68.0,RAIL,{'loco': None},1.0,train
avelia_liberty_front_v2,2021,0,36525,5500.0,320.0,83.330001831055,68.0,RAIL,{'loco': None},1.0,train
avelia_liberty_middle1_v2,2021,0,36525,,,83.330001831055,68.0,RAIL,{'PASSENGERS': 72},1.0,train
avelia_liberty_middle2_v2,2021,0,36525,,,83.330001831055,68.0,RAIL,{'PASSENGERS': 72},1.0,train
avelia_liberty_middle3_v2,2021,0,36525,,,83.330001831055,68.0,RAIL,{'PASSENGERS': 72},1.0,train
baldwin_class_56_v2,1871,1922,21915,284.0,70.0,16.670000076294,50.0,RAIL,{'loco': None},1.0,train
baldwin_six_wheels_v2,1850,1896,21915,70.0,25.0,11.109999656677,20.0,RAIL,{'loco': None},1.0,train
bigboy_v2,1944,1994,29220,4560.0,602.0,36.110000610352,567.0,RAIL,{'loco': None},1.0,train
class_9000_v2,1926,1975,25568,3542.0,430.0,27.780000686646,355.0,RAIL,{'loco': None},1.0,train
class_prr_gg1_v2,1936,1995,32873,3450.0,291.0,44.439998626709,215.0,RAIL,{'loco': None},1.0,train
emd_aem_7_v2,1975,0,40178,4320.0,133.0,55.560001373291,92.0,RAIL,{'loco': None},1.0,train
emd_gp9_v2,1958,2007,32873,1305.0,288.0,29.170000076294,117.0,RAIL,{'loco': None},1.0,train
emd_sd40_v2,1972,0,36525,3000.0,410.0,29.170000076294,167.0,RAIL,{'loco': None},1.0,train
general_v2,1858,1908,21915,130.0,40.0,12.5,40.0,RAIL,{'loco': None},1.0,train
ge_c40_8w_v2,1989,0,36525,3000.0,483.0,33.330001831055,177.0,RAIL,{'loco': None},1.0,train
ge_e60c_2_v2,1992,0,36525,4000.0,334.0,44.439998626709,176.0,RAIL,{'loco': None},1.0,train
ge_p42_dc_v2,2005,0,40178,3170.0,280.0,44.439998626709,122.0,RAIL,{'loco': None},1.0,train
heavy_mikado_v2,1916,1965,25568,1173.0,228.0,22.219999313354,219.0,RAIL,{'loco': None},1.0,train
hhp_8_v2,2010,0,40178,6000.0,250.0,55.560001373291,100.0,RAIL,{'loco': None},1.0,train
hiawatha_v2,1935,1985,25568,2940.0,136.0,44.439998626709,243.0,RAIL,{'loco': None},1.0,train
metroliner_front_v2,1969,0,29220,1600.0,180.0,53.610000610352,75.0,RAIL,{'PASSENGERS': 72},2.0,train
metroliner_middle1_v2,1969,0,29220,,,55.560001373291,53.0,RAIL,{'PASSENGERS': 84},1.0,train
milw_ep_2_v2,1919,1979,29220,3311.0,516.0,33.330001831055,240.0,RAIL,{'loco': None},1.0,train
mogul_2_6_0_v2,1885,1935,29220,400.0,80.0,20.829999923706,122.0,RAIL,{'loco': None},1.0,train
m_300_v2,1924,1972,25568,200.0,30.0,27.780000686646,25.0,RAIL,{'PASSENGERS': 80},2.0,train
new_haven_v2,1955,2005,40178,3000.0,151.0,38.889999389648,159.0,RAIL,{'loco': None},1.0,train
silverstreak_back_v2,1934,1985,25568,,,50.0,25.0,RAIL,{'PASSENGERS': 80},1.0,train
silverstreak_front_v2,1934,1985,25568,448.0,80.0,49.169998168945,35.0,RAIL,{'PASSENGERS': 24},1.0,train
silverstreak_middle1_v2,1934,1985,25568,,,50.0,20.0,RAIL,{'PASSENGERS': 40},1.0,train
silverstreak_middle2_v2,1934,1985,25568,,,50.0,25.0,RAIL,{'PASSENGERS': 64},1.0,train
speedance_express_front_v2,2000,0,36525,4600.0,220.0,66.669998168945,93.0,RAIL,{'loco': None},1.0,train
speedance_express_middle1_v2,2000,0,36525,,,66.669998168945,63.0,RAIL,{'PASSENGERS': 68},2.0,train
ten_wheeler_v2,1896,1946,36525,550.0,160.0,27.777778625488,120.0,RAIL,{'loco': None},1.0,train
atm_4000_v2,1949,2010,25568,64.0,12.0,11.109999656677,18.0,TRAM,{'PASSENGERS': 104},5.0,tram
be4_6mirage_v2,1966,2020,29220,300.0,50.0,16.670000076294,26.0,TRAM,{'PASSENGERS': 108},7.0,tram
be5_6_v2,2001,0,29220,625.0,80.0,16.670000076294,39.0,TRAM,{'PASSENGERS': 180},5.0,tram
caf_urbos3_v2,2018,0,25568,800.0,80.0,19.440000534058,35.0,TRAM,{'PASSENGERS': 172},5.0,tram
dampftram_v2,1877,1930,21915,30.0,15.0,7.2199997901917,8.0,TRAM,{'PASSENGERS': 44},2.0,tram
halle_v2,1887,1945,21915,30.0,20.0,7.5,12.0,TRAM,{'PASSENGERS': 44},2.0,tram
schst_v2,1901,1955,21915,60.0,40.0,11.109999656677,20.0,TRAM,{'PASSENGERS': 84},4.0,tram
strassenbahn1850_v2,1850,1905,21915,2.0,2.0,5.5555553436279,1.0,TRAM,{'PASSENGERS': 24},2.0,tram
typ1_v2,1928,1970,25568,120.0,45.0,16.670000076294,26.0,TRAM,{'PASSENGERS': 92},2.0,tram
dl_3000_witt_v2,1930,1970,29220,100.0,30.0,8.3299999237061,12.0,TRAM,{'PASSENGERS': 76},4.0,tram
ivan_v2,1882,1922,29220,30.0,15.0,7.2199997901917,8.0,TRAM,{'PASSENGERS': 44},3.0,tram
kolomna_v2,1904,1944,29220,30.0,20.0,8.3299999237061,8.0,TRAM,{'PASSENGERS': 48},4.0,tram
ktm_1_v2,1947,1987,29220,92.0,25.0,11.109999656677,20.0,TRAM,{'PASSENGERS': 100},4.0,tram
lm_68_v2,1968,2008,29220,180.0,50.0,16.670000076294,20.0,TRAM,{'PASSENGERS': 140},5.0,tram
lvs_86_v2,1986,0,29220,300.0,60.0,19.440000534058,35.0,TRAM,{'PASSENGERS': 108},4.0,tram
moscow_f_v2,1908,1948,29220,50.0,20.0,9.7200002670288,18.0,TRAM,{'PASSENGERS': 96},4.0,tram
odessa_v2,1850,1890,29220,2.0,2.0,5.0,1.0,TRAM,{'PASSENGERS': 20},2.0,tram
st_petersburg_v2,1863,1903,29220,2.0,2.0,5.5555553436279,1.5,TRAM,{'PASSENGERS': 28},2.0,tram
vityaz_m_v2,2014,0,29220,600.0,80.0,19.440000534058,37.0,TRAM,{'PASSENGERS': 148},6.0,tram
horse_trolley_car_v2,1871,1926,29220,2.0,2.0,5.5555553436279,1.0,TRAM,{'PASSENGERS': 24},2.0,tram
pcc_1643_pittsburgh_v2,1940,1990,25568,100.0,24.0,12.5,16.0,TRAM,{'PASSENGERS': 84},4.0,tram
pcc_a_7_v2,1954,2004,29220,144.0,30.0,13.890000343323,17.0,TRAM,{'PASSENGERS': 72},4.0,tram
peter_witt_streetcar_v2,1917,1967,25568,40.0,15.0,9.7200002670288,12.0,TRAM,{'PASSENGERS': 80},4.0,tram
san_diego_v2,1893,1945,21915,4.0,10.0,6.9400000572205,8.0,TRAM,{'PASSENGERS': 28},3.0,tram
skoda_10t_v2,2000,0,36525,360.0,100.0,19.440000534058,28.799999237061,TRAM,{'PASSENGERS': 100},5.0,tram
strassenbahn1850_usa_v2,1850,1920,21915,2.0,2.0,5.0,1.0,TRAM,{'PASSENGERS': 20},2.0,tram
toronto_clrv_v2,1976,0,29220,272.0,50.0,16.670000076294,22.700000762939,TRAM,{'PASSENGERS': 80},4.0,tram
40_tons_stake_v2,1990,0,25568,560.0,60.0,27.780000686646,15.0,ROAD,"{'LOGS': 120, 'STEEL': 120, 'PLANKS': 120, 'CONSTRUCTION_MATERIALS': 120}",5.0,truck
40_tons_tanker_v2,1990,0,25568,560.0,60.0,27.780000686646,15.0,ROAD,"{'CRUDE': 120, 'OIL': 120, 'FUEL': 120}",5.0,truck
40_tons_universal_v2,1990,0,25568,560.0,60.0,27.780000686646,15.0,ROAD,"{'LOGS': 100, 'COAL': 100, 'IRON_ORE': 100, 'STONE': 100, 'GRAIN': 100, 'CRUDE': 100, 'STEEL': 100, 'PLANKS': 100, 'PLASTIC': 100, 'OIL': 100, 'CONSTRUCTION_MATERIALS': 100, 'MACHINES': 100, 'FUEL': 100, 'TOOLS': 100, 'FOOD': 100, 'GOODS': 100}",5.0,truck
benz1912_lkw_stake_v2,1912,1960,21915,35.0,5.0,11.109999656677,1.5,ROAD,"{'LOGS': 32, 'STEEL': 32, 'PLANKS': 32, 'CONSTRUCTION_MATERIALS': 32}",2.0,truck
benz1912_lkw_universal_v2,1912,1960,21915,35.0,5.0,11.109999656677,1.5,ROAD,"{'LOGS': 28, 'COAL': 28, 'IRON_ORE': 28, 'STONE': 28, 'GRAIN': 28, 'CRUDE': 28, 'STEEL': 28, 'PLANKS': 28, 'PLASTIC': 28, 'OIL': 28, 'CONSTRUCTION_MATERIALS': 28, 'MACHINES': 28, 'FUEL': 28, 'TOOLS': 28, 'FOOD': 28, 'GOODS': 28}",2.0,truck
dmg_cannstatt_v2,1890,1946,21915,14.0,8.0,6.9400000572205,1.0,ROAD,"{'LOGS': 20, 'COAL': 20, 'IRON_ORE': 20, 'STONE': 20, 'GRAIN': 20, 'CRUDE': 20, 'STEEL': 20, 'PLANKS': 20, 'PLASTIC': 20, 'OIL': 20, 'CONSTRUCTION_MATERIALS': 20, 'MACHINES': 20, 'FUEL': 20, 'TOOLS': 20, 'FOOD': 20, 'GOODS': 20}",1.5,truck
horsewagon_1850_v2,1850,1907,10958,2.0,1.7999999523163,5.0,1.5,ROAD,"{'LOGS': 16, 'COAL': 16, 'IRON_ORE': 16, 'STONE': 16, 'GRAIN': 16, 'CRUDE': 16, 'STEEL': 16, 'PLANKS': 16, 'PLASTIC': 16, 'OIL': 16, 'CONSTRUCTION_MATERIALS': 16, 'MACHINES': 16, 'FUEL': 16, 'TOOLS': 16, 'FOOD': 16, 'GOODS': 16}",1.0,truck
horse_cart_stake_v2,1870,1925,14610,2.0,2.0,5.5555553436279,1.0,ROAD,"{'OIL': 20, 'LOGS': 20, 'CRUDE': 20, 'STEEL': 20, 'PLANKS': 20, 'CONSTRUCTION_MATERIALS': 20, 'FUEL': 20, 'GRAIN': 20, 'STONE': 20, 'COAL': 20, 'IRON_ORE': 20}",1.0,truck
horse_cart_universal_v2,1870,1925,14610,2.0,2.0,5.5555553436279,1.0,ROAD,"{'CRUDE': 20, 'OIL': 20, 'FUEL': 20, 'LOGS': 20, 'FOOD': 20, 'PLANKS': 20, 'PLASTIC': 20, 'CONSTRUCTION_MATERIALS': 20, 'MACHINES': 20, 'TOOLS': 20, 'GOODS': 20, 'STEEL': 20, 'GRAIN': 20, 'STONE': 20, 'IRON_ORE': 20, 'COAL': 20}",1.0,truck
man_19_304_1970_tanker_v2,1965,2010,25568,220.0,18.0,22.219999313354,8.0,ROAD,"{'CRUDE': 84, 'OIL': 84, 'FUEL': 84}",4.0,truck
man_19_304_1970_tipper_v2,1965,2010,25568,220.0,18.0,22.219999313354,8.0,ROAD,"{'COAL': 84, 'IRON_ORE': 84, 'STONE': 84, 'GRAIN': 84}",4.0,truck
man_19_304_1970_universal_v2,1965,2010,25568,220.0,18.0,22.219999313354,8.0,ROAD,"{'LOGS': 68, 'COAL': 68, 'IRON_ORE': 68, 'STONE': 68, 'GRAIN': 68, 'CRUDE': 68, 'STEEL': 68, 'PLANKS': 68, 'PLASTIC': 68, 'OIL': 68, 'CONSTRUCTION_MATERIALS': 68, 'MACHINES': 68, 'FUEL': 68, 'TOOLS': 68, 'FOOD': 68, 'GOODS': 68}",4.0,truck
opel_blitz_1930_tanker_v2,1935,1980,21915,74.0,7.0,16.670000076294,2.5,ROAD,"{'CRUDE': 56, 'OIL': 56, 'FUEL': 56}",3.0,truck
opel_blitz_1930_tipper_v2,1935,1980,21915,74.0,7.0,16.670000076294,2.5,ROAD,"{'COAL': 56, 'IRON_ORE': 56, 'STONE': 56, 'GRAIN': 56}",3.0,truck
opel_blitz_1930_universal_v2,1935,1980,21915,74.0,7.0,16.670000076294,2.5,ROAD,"{'LOGS': 48, 'COAL': 48, 'IRON_ORE': 48, 'STONE': 48, 'GRAIN': 48, 'CRUDE': 48, 'STEEL': 48, 'PLANKS': 48, 'PLASTIC': 48, 'OIL': 48, 'CONSTRUCTION_MATERIALS': 48, 'MACHINES': 48, 'FUEL': 48, 'TOOLS': 48, 'FOOD': 48, 'GOODS': 48}",3.0,truck
saurer_c_typ_stake_v2,1942,1995,25568,64.0,12.0,16.666666030884,10.0,ROAD,"{'LOGS': 52, 'STEEL': 52, 'PLANKS': 52, 'CONSTRUCTION_MATERIALS': 52}",5.0,truck
saurer_c_typ_tanker_v2,1942,1995,25568,64.0,12.0,16.666666030884,10.0,ROAD,"{'CRUDE': 52, 'OIL': 52, 'FUEL': 52}",5.0,truck
saurer_c_typ_tipper_v2,1942,1995,25568,64.0,12.0,16.666666030884,10.0,ROAD,"{'COAL': 52, 'IRON_ORE': 52, 'STONE': 52, 'GRAIN': 52}",5.0,truck
saurer_c_typ_universal_v2,1942,1995,25568,64.0,12.0,16.666666030884,10.0,ROAD,"{'CRUDE': 44, 'OIL': 44, 'FUEL': 44, 'LOGS': 44, 'FOOD': 44, 'PLANKS': 44, 'PLASTIC': 44, 'CONSTRUCTION_MATERIALS': 44, 'MACHINES': 44, 'TOOLS': 44, 'GOODS': 44, 'STEEL': 44, 'GRAIN': 44, 'STONE': 44, 'IRON_ORE': 44, 'COAL': 44}",5.0,truck
urban_etruck_v2,2020,0,25568,200.0,40.0,19.440000534058,10.0,ROAD,"{'CRUDE': 80, 'OIL': 80, 'FUEL': 80, 'LOGS': 80, 'FOOD': 80, 'PLANKS': 80, 'PLASTIC': 80, 'CONSTRUCTION_MATERIALS': 80, 'MACHINES': 80, 'TOOLS': 80, 'GOODS': 80, 'STEEL': 80, 'GRAIN': 80, 'STONE': 80, 'IRON_ORE': 80, 'COAL': 80}",5.0,truck
amo_f15_tanker_v2,1924,1964,29220,40.0,20.0,11.109999656677,1.5,ROAD,"{'CRUDE': 32, 'OIL': 32, 'FUEL': 32}",2.0,truck
amo_f15_universal_v2,1924,1964,29220,40.0,20.0,11.109999656677,1.5,ROAD,"{'LOGS': 24, 'COAL': 24, 'IRON_ORE': 24, 'STONE': 24, 'GRAIN': 24, 'STEEL': 24, 'PLANKS': 24, 'PLASTIC': 24, 'CONSTRUCTION_MATERIALS': 24, 'MACHINES': 24, 'TOOLS': 24, 'FOOD': 24, 'GOODS': 24, 'CRUDE': 24, 'FUEL': 24, 'OIL': 24}",1.0,truck
faw_jiefang_j6p_stake_v2,2014,0,29220,350.0,50.0,27.780000686646,12.0,ROAD,"{'LOGS': 152, 'STEEL': 152, 'PLANKS': 152, 'CONSTRUCTION_MATERIALS': 152}",5.0,truck
faw_jiefang_j6p_tanker_v2,2014,0,29220,350.0,50.0,27.777778625488,12.0,ROAD,"{'CRUDE': 152, 'OIL': 152, 'FUEL': 152}",5.0,truck
faw_jiefang_j6p_tipper_v2,2014,0,29220,350.0,50.0,27.777778625488,12.0,ROAD,"{'COAL': 152, 'IRON_ORE': 152, 'STONE': 152, 'GRAIN': 152}",5.0,truck
faw_jiefang_j6p_universal_v2,2014,0,29220,350.0,50.0,27.777778625488,12.0,ROAD,"{'PLANKS': 128, 'PLASTIC': 128, 'CONSTRUCTION_MATERIALS': 128, 'MACHINES': 128, 'TOOLS': 128, 'FOOD': 128, 'GOODS': 128, 'LOGS': 128, 'STEEL': 128, 'CRUDE': 128, 'OIL': 128, 'FUEL': 128, 'GRAIN': 128, 'COAL': 128, 'IRON_ORE': 128, 'STONE': 128}",5.0,truck
gaz_3307_tanker_v2,1989,0,29220,125.0,60.0,25.0,10.0,ROAD,"{'CRUDE': 76, 'OIL': 76, 'FUEL': 76}",5.0,truck
gaz_3307_tipper_v2,1989,0,29220,125.0,60.0,25.0,10.0,ROAD,"{'COAL': 76, 'IRON_ORE': 76, 'STONE': 76, 'GRAIN': 76}",5.0,truck
gaz_3307_universal_v2,1989,0,29220,125.0,60.0,25.0,10.0,ROAD,"{'LOGS': 64, 'COAL': 64, 'IRON_ORE': 64, 'STONE': 64, 'GRAIN': 64, 'CRUDE': 64, 'STEEL': 64, 'PLANKS': 64, 'PLASTIC': 64, 'OIL': 64, 'CONSTRUCTION_MATERIALS': 64, 'MACHINES': 64, 'FUEL': 64, 'TOOLS': 64, 'FOOD': 64, 'GOODS': 64}",5.0,truck
gaz_mm_stake_v2,1938,1978,29220,45.0,10.0,16.670000076294,2.0,ROAD,"{'LOGS': 40, 'STEEL': 40, 'PLANKS': 40, 'CONSTRUCTION_MATERIALS': 40}",2.0,truck
gaz_mm_universal_v2,1938,1978,29220,45.0,10.0,16.670000076294,2.0,ROAD,"{'LOGS': 32, 'COAL': 32, 'IRON_ORE': 32, 'STONE': 32, 'GRAIN': 32, 'CRUDE': 32, 'STEEL': 32, 'PLANKS': 32, 'PLASTIC': 32, 'OIL': 32, 'CONSTRUCTION_MATERIALS': 32, 'MACHINES': 32, 'FUEL': 32, 'TOOLS': 32, 'FOOD': 32, 'GOODS': 32}",2.0,truck
horse_cart_as_1850,1850,1875,18263,2.0,20.0,5.0,0.5,ROAD,"{'LOGS': 16, 'COAL': 16, 'IRON_ORE': 16, 'STONE': 16, 'GRAIN': 16, 'CRUDE': 16, 'STEEL': 16, 'PLANKS': 16, 'PLASTIC': 16, 'OIL': 16, 'CONSTRUCTION_MATERIALS': 16, 'MACHINES': 16, 'FUEL': 16, 'TOOLS': 16, 'FOOD': 16, 'GOODS': 16}",1.0,truck
isuzu_elf_tld20_tanker_v2,1967,0,29220,55.0,15.0,22.219999313354,10.0,ROAD,"{'CRUDE': 72, 'OIL': 72, 'FUEL': 72}",4.0,truck
isuzu_elf_tld20_universal_v2,1967,0,29220,55.0,15.0,22.219999313354,10.0,ROAD,"{'LOGS': 56, 'COAL': 56, 'IRON_ORE': 56, 'STONE': 56, 'GRAIN': 56, 'STEEL': 56, 'PLANKS': 56, 'PLASTIC': 56, 'CONSTRUCTION_MATERIALS': 56, 'MACHINES': 56, 'TOOLS': 56, 'FOOD': 56, 'GOODS': 56}",3.0,truck
nw_first_truck_v2,1899,1939,29220,9.5,6.0,5.5599999427795,2.0,ROAD,"{'LOGS': 24, 'COAL': 24, 'IRON_ORE': 24, 'STONE': 24, 'GRAIN': 24, 'CRUDE': 24, 'STEEL': 24, 'PLANKS': 24, 'PLASTIC': 24, 'OIL': 24, 'CONSTRUCTION_MATERIALS': 24, 'MACHINES': 24, 'FUEL': 24, 'TOOLS': 24, 'FOOD': 24, 'GOODS': 24}",1.0,truck
telega_stake_v2,1875,1915,29220,4.0,10.0,5.5555553436279,2.5,ROAD,"{'LOGS': 20, 'STEEL': 20, 'PLANKS': 20}",1.0,truck
telega_v2,1875,1915,29220,4.0,10.0,5.5555553436279,1.5,ROAD,"{'LOGS': 20, 'COAL': 20, 'IRON_ORE': 20, 'STONE': 20, 'GRAIN': 20, 'CRUDE': 20, 'STEEL': 20, 'PLANKS': 20, 'PLASTIC': 20, 'OIL': 20, 'CONSTRUCTION_MATERIALS': 20, 'MACHINES': 20, 'FUEL': 20, 'TOOLS': 20, 'FOOD': 20, 'GOODS': 20}",1.0,truck
zis_150_tanker_v2,1947,1987,29220,75.0,12.0,16.670000076294,3.9000000953674,ROAD,"{'CRUDE': 60, 'OIL': 60, 'FUEL': 60}",3.0,truck
zis_150_tipper_v2,1947,1987,29220,75.0,12.0,16.670000076294,3.9000000953674,ROAD,"{'COAL': 60, 'IRON_ORE': 60, 'STONE': 60, 'GRAIN': 60}",3.0,truck
zis_150_universal_v2,1947,1987,29220,75.0,12.0,16.670000076294,3.9000000953674,ROAD,"{'LOGS': 52, 'COAL': 52, 'IRON_ORE': 52, 'STONE': 52, 'GRAIN': 52, 'CRUDE': 52, 'STEEL': 52, 'PLANKS': 52, 'PLASTIC': 52, 'OIL': 52, 'CONSTRUCTION_MATERIALS': 52, 'MACHINES': 52, 'FUEL': 52, 'TOOLS': 52, 'FOOD': 52, 'GOODS': 52}",3.0,truck
american_horse_cart_stake_v2,1872,1925,10958,2.0,2.0,5.5555553436279,1.0,ROAD,"{'OIL': 20, 'LOGS': 20, 'CRUDE': 20, 'STEEL': 20, 'PLANKS': 20, 'CONSTRUCTION_MATERIALS': 20, 'FUEL': 20, 'GRAIN': 20, 'STONE': 20, 'COAL': 20, 'IRON_ORE': 20}",1.0,truck
american_horse_cart_universal_v2,1872,1925,10958,2.0,2.0,5.5555553436279,1.0,ROAD,"{'CRUDE': 20, 'OIL': 20, 'FUEL': 20, 'LOGS': 20, 'FOOD': 20, 'PLANKS': 20, 'PLASTIC': 20, 'CONSTRUCTION_MATERIALS': 20, 'MACHINES': 20, 'TOOLS': 20, 'GOODS': 20, 'STEEL': 20, 'GRAIN': 20, 'STONE': 20, 'IRON_ORE': 20, 'COAL': 20}",1.0,truck
american_truck_359_v2,1970,2020,21915,350.0,44.0,22.222221374512,20.0,ROAD,"{'LOGS': 100, 'COAL': 100, 'IRON_ORE': 100, 'STONE': 100, 'GRAIN': 100, 'CRUDE': 100, 'STEEL': 100, 'PLANKS': 100, 'PLASTIC': 100, 'OIL': 100, 'CONSTRUCTION_MATERIALS': 100, 'MACHINES': 100, 'FUEL': 100, 'TOOLS': 100, 'FOOD': 100, 'GOODS': 100}",2.0,truck
cascadia_2009_tanker_v2,1995,0,21915,405.0,60.0,27.777778625488,15.0,ROAD,"{'CRUDE': 144, 'OIL': 144, 'FUEL': 144}",5.0,truck
cascadia_2009_universal_v2,1995,0,21915,405.0,60.0,27.777778625488,15.0,ROAD,"{'LOGS': 120, 'COAL': 120, 'IRON_ORE': 120, 'STONE': 120, 'GRAIN': 120, 'CRUDE': 120, 'STEEL': 120, 'PLANKS': 120, 'PLASTIC': 120, 'OIL': 120, 'CONSTRUCTION_MATERIALS': 120, 'MACHINES': 120, 'FUEL': 120, 'TOOLS': 120, 'FOOD': 120, 'GOODS': 120}",5.0,truck
ford_m77_stake_v2,1930,1975,18263,44.0,9.0,11.109999656677,2.5,ROAD,"{'LOGS': 36, 'COAL': 36, 'IRON_ORE': 36, 'STONE': 36, 'GRAIN': 36, 'OIL': 36, 'CRUDE': 36, 'STEEL': 36, 'PLANKS': 36, 'CONSTRUCTION_MATERIALS': 36, 'FUEL': 36}",2.0,truck
ford_m77_tipper_v2,1930,1975,18263,44.0,9.0,11.109999656677,2.5,ROAD,"{'LOGS': 36, 'COAL': 36, 'IRON_ORE': 36, 'STONE': 36, 'GRAIN': 36, 'OIL': 36, 'CRUDE': 36, 'STEEL': 36, 'PLANKS': 36, 'CONSTRUCTION_MATERIALS': 36, 'FUEL': 36}",2.0,truck
ford_m77_universal_v2,1930,1975,18263,44.0,9.0,11.109999656677,2.5,ROAD,"{'CRUDE': 32, 'OIL': 32, 'FUEL': 32, 'LOGS': 32, 'FOOD': 32, 'PLANKS': 32, 'PLASTIC': 32, 'CONSTRUCTION_MATERIALS': 32, 'MACHINES': 32, 'TOOLS': 32, 'GOODS': 32, 'STEEL': 32, 'GRAIN': 32, 'STONE': 32, 'IRON_ORE': 32, 'COAL': 32}",2.0,truck
horsewagon_1850_usa_v2,1850,1905,10958,2.0,1.7999999523163,5.0,1.5,ROAD,"{'LOGS': 16, 'COAL': 16, 'IRON_ORE': 16, 'STONE': 16, 'GRAIN': 16, 'CRUDE': 16, 'STEEL': 16, 'PLANKS': 16, 'PLASTIC': 16, 'OIL': 16, 'CONSTRUCTION_MATERIALS': 16, 'MACHINES': 16, 'FUEL': 16, 'TOOLS': 16, 'FOOD': 16, 'GOODS': 16}",1.0,truck
mack_ac_stake_v2,1916,1965,14610,34.0,7.0,8.3299999237061,3.0,ROAD,"{'OIL': 32, 'GOODS': 32, 'LOGS': 32, 'CRUDE': 32, 'STEEL': 32, 'PLANKS': 32, 'PLASTIC': 32, 'CONSTRUCTION_MATERIALS': 32, 'MACHINES': 32, 'FUEL': 32, 'TOOLS': 32, 'FOOD': 32, 'COAL': 32, 'IRON_ORE': 32, 'STONE': 32, 'GRAIN': 32}",2.0,truck
mack_ac_universal_v2,1916,1965,14610,34.0,7.0,8.3299999237061,3.0,ROAD,"{'CRUDE': 36, 'OIL': 36, 'FUEL': 36, 'LOGS': 36, 'FOOD': 36, 'PLANKS': 36, 'PLASTIC': 36, 'CONSTRUCTION_MATERIALS': 36, 'MACHINES': 36, 'TOOLS': 36, 'GOODS': 36, 'STEEL': 36, 'GRAIN': 36, 'STONE': 36, 'IRON_ORE': 36, 'COAL': 36}",2.0,truck
steam_lorry_stake_v2,1894,1945,14610,4.0,5.0,6.9400000572205,1.0,ROAD,"{'OIL': 24, 'LOGS': 24, 'CRUDE': 24, 'STEEL': 24, 'PLANKS': 24, 'CONSTRUCTION_MATERIALS': 24, 'FUEL': 24, 'GRAIN': 24, 'STONE': 24, 'COAL': 24, 'IRON_ORE': 24}",1.0,truck
steam_lorry_universal_v2,1894,1945,14610,4.0,5.0,6.9400000572205,1.0,ROAD,"{'CRUDE': 24, 'OIL': 24, 'FUEL': 24, 'LOGS': 24, 'FOOD': 24, 'PLANKS': 24, 'PLASTIC': 24, 'CONSTRUCTION_MATERIALS': 24, 'MACHINES': 24, 'TOOLS': 24, 'GOODS': 24, 'STEEL': 24, 'GRAIN': 24, 'STONE': 24, 'IRON_ORE': 24, 'COAL': 24}",1.0,truck
studebaker_us_u10_v2,1945,1995,18263,80.0,12.0,16.670000076294,5.0,ROAD,"{'COAL': 64, 'IRON_ORE': 64, 'STONE': 64, 'GRAIN': 64}",3.0,truck
studebaker_us_u3_v2,1945,1995,18263,80.0,12.0,16.670000076294,5.0,ROAD,"{'LOGS': 64, 'STEEL': 64, 'PLANKS': 64, 'PLASTIC': 64, 'CONSTRUCTION_MATERIALS': 64, 'MACHINES': 64, 'TOOLS': 64, 'FOOD': 64, 'GOODS': 64}",3.0,truck
studebaker_us_u5_v2,1945,1995,18263,80.0,12.0,16.670000076294,5.0,ROAD,"{'CRUDE': 64, 'OIL': 64, 'FUEL': 64}",3.0,truck
studebaker_us_universal_v2,1945,1995,18263,80.0,12.0,16.670000076294,5.0,ROAD,"{'CRUDE': 56, 'OIL': 56, 'FUEL': 56, 'LOGS': 56, 'FOOD': 56, 'PLANKS': 56, 'PLASTIC': 56, 'CONSTRUCTION_MATERIALS': 56, 'MACHINES': 56, 'TOOLS': 56, 'GOODS': 56, 'STEEL': 56, 'GRAIN': 56, 'STONE': 56, 'IRON_ORE': 56, 'COAL': 56}",3.0,truck
3axes_person_v2,1900,1965,21915,,,27.780000686646,15.0,RAIL,{'PASSENGERS': 56},2.0,waggon
bc4_v2,1935,1995,25568,,,33.330001831055,24.0,RAIL,{'PASSENGERS': 80},2.0,waggon
boxcar_2000,2000,0,36525,,,44.4444444444,25.0,RAIL,"{'PLASTIC': 80, 'FOOD': 80, 'TOOLS': 80, 'MACHINES': 80, 'GOODS': 80}",4.0,waggon
compartment_car_v2,1883,1915,25568,,,16.670000076294,10.0,RAIL,{'PASSENGERS': 44},4.0,waggon
d1_spanischb_v2,1850,1870,18263,,,11.109999656677,5.0,RAIL,{'PASSENGERS': 24},2.0,waggon
donnerbuechse_v2,1921,1985,21915,,,27.780000686646,20.0,RAIL,{'PASSENGERS': 68},2.0,waggon
ew_ii_v2,1962,2025,29220,,,38.889999389648,30.0,RAIL,{'PASSENGERS': 84},2.0,waggon
ew_iv_v2,1981,0,29220,,,55.560001373291,42.0,RAIL,{'PASSENGERS': 88},2.0,waggon
gondola_2000,2000,0,36525,,,44.4444444444,25.0,RAIL,"{'COAL': 80, 'IRON_ORE': 80, 'STONE': 80, 'GRAIN': 80}",4.0,waggon
goods_1850_v2,1850,1950,29220,,,13.8888888889,5.0,RAIL,"{'PLASTIC': 16, 'MACHINES': 16, 'TOOLS': 16, 'FOOD': 16, 'GOODS': 16}",1.0,waggon
hbi1_v3,1950,0,36525,,,33.333332061768,18.0,RAIL,"{'PLASTIC': 52, 'MACHINES': 52, 'TOOLS': 52, 'FOOD': 52, 'GOODS': 52}",3.0,waggon
kesselwagen_1860,1850,1950,29220,,,13.8888888889,6.0,RAIL,"{'CRUDE': 20, 'OIL': 20, 'FUEL': 20}",1.0,waggon
kesselwagen_1910_v2,1900,2000,32873,,,22.219999313354,10.0,RAIL,"{'CRUDE': 36, 'OIL': 36, 'FUEL': 36}",2.0,waggon
kesselwagen_1950_v2,1950,0,36525,,,33.330001831055,15.0,RAIL,"{'CRUDE': 60, 'OIL': 60, 'FUEL': 60}",3.0,waggon
open_1850,1850,1950,29220,,,13.8888888889,5.0,RAIL,"{'COAL': 16, 'IRON_ORE': 16, 'STONE': 16, 'GRAIN': 16}",1.0,waggon
open_1910,1900,2000,32873,,,22.2222222222,10.0,RAIL,"{'COAL': 32, 'IRON_ORE': 32, 'STONE': 32, 'GRAIN': 32}",2.0,waggon
open_1975,1950,0,36525,,,33.3333333333,15.0,RAIL,"{'COAL': 52, 'IRON_ORE': 52, 'STONE': 52, 'GRAIN': 52}",3.0,waggon
rungenwagen_1850,1850,1950,29220,,,13.8888888889,5.0,RAIL,"{'LOGS': 16, 'STEEL': 16, 'PLANKS': 16, 'CONSTRUCTION_MATERIALS': 16}",1.0,waggon
rungenwagen_1890,1900,2000,32873,,,22.2222222222,10.0,RAIL,"{'LOGS': 32, 'STEEL': 32, 'PLANKS': 32, 'CONSTRUCTION_MATERIALS': 32}",2.0,waggon
rungenwagen_1950,1950,0,36525,,,33.3333333333,17.0,RAIL,"{'LOGS': 52, 'STEEL': 52, 'PLANKS': 52, 'CONSTRUCTION_MATERIALS': 52}",3.0,waggon
stake_car_2000,2000,0,36525,,,44.4444444444,25.0,RAIL,"{'LOGS': 80, 'PLANKS': 80, 'STEEL': 80, 'CONSTRUCTION_MATERIALS': 80}",4.0,waggon
tankcar_2000,2000,0,36525,,,44.4444444444,25.0,RAIL,"{'CRUDE': 80, 'OIL': 80, 'FUEL': 80}",4.0,waggon
verbandswagen_v3,1900,2000,32873,,,22.219999313354,11.0,RAIL,"{'PLASTIC': 32, 'MACHINES': 32, 'TOOLS': 32, 'FOOD': 32, 'GOODS': 32}",2.0,waggon
wagen_bayrisch_1865_v2,1862,1890,21915,,,13.890000343323,7.0,RAIL,{'PASSENGERS': 32},2.0,waggon
boxcar_as_1850,1850,1950,36525,,,13.8888888889,10.0,RAIL,"{'PLASTIC': 28, 'MACHINES': 28, 'TOOLS': 28, 'FOOD': 28, 'GOODS': 28}",1.0,waggon
boxcar_as_1900,1900,2000,36525,,,22.2222222222,20.0,RAIL,"{'PLASTIC': 48, 'MACHINES': 48, 'TOOLS': 48, 'FOOD': 48, 'GOODS': 48}",2.0,waggon
boxcar_as_1950,1950,0,36525,,,33.3333333333,30.0,RAIL,"{'PLASTIC': 72, 'MACHINES': 72, 'TOOLS': 72, 'FOOD': 72, 'GOODS': 72}",3.0,waggon
china_type_25c_v2,1990,0,36525,,,44.439998626709,40.0,RAIL,{'PASSENGERS': 92},2.0,waggon
china_type_25_v2,1970,0,36525,,,38.889999389648,40.0,RAIL,{'PASSENGERS': 88},2.0,waggon
china_type_yz_22_v2,1950,2000,36525,,,33.330001831055,45.0,RAIL,{'PASSENGERS': 84},2.0,waggon
egorov_20_2_v2,1930,1980,36525,,,27.780000686646,40.0,RAIL,{'PASSENGERS': 80},2.0,waggon
gondola_as_1850,1850,1950,36525,,,13.8888888889,10.0,RAIL,"{'COAL': 28, 'IRON_ORE': 28, 'STONE': 28, 'GRAIN': 28}",1.0,waggon
gondola_as_1900,1900,2000,36525,,,22.2222222222,20.0,RAIL,"{'COAL': 48, 'IRON_ORE': 48, 'STONE': 48, 'GRAIN': 48}",2.0,waggon
gondola_as_1950,1950,0,36525,,,33.3333333333,30.0,RAIL,"{'COAL': 72, 'IRON_ORE': 72, 'STONE': 72, 'GRAIN': 72}",3.0,waggon
nikolas_1st_v2,1850,1890,36525,,,11.109999656677,20.0,RAIL,{'PASSENGERS': 52},2.0,waggon
putilov_3rd_v2,1890,1940,36525,,,22.219999313354,20.0,RAIL,{'PASSENGERS': 56},2.0,waggon
russo_balt_3rd_v2,1870,1910,36525,,,16.670000076294,15.0,RAIL,{'PASSENGERS': 44},2.0,waggon
stake_car_as_1850,1850,1950,36525,,,13.8888888889,10.0,RAIL,"{'LOGS': 28, 'STEEL': 28, 'PLANKS': 28, 'CONSTRUCTION_MATERIALS': 28}",1.0,waggon
stake_car_as_1900,1900,2000,36525,,,22.2222222222,20.0,RAIL,"{'LOGS': 48, 'STEEL': 48, 'PLANKS': 48, 'CONSTRUCTION_MATERIALS': 48}",2.0,waggon
stake_car_as_1950,1950,0,36525,,,33.3333333333,30.0,RAIL,"{'LOGS': 72, 'STEEL': 72, 'PLANKS': 72, 'CONSTRUCTION_MATERIALS': 72}",3.0,waggon
suburban_2nd_v2,1910,1960,36525,,,27.780000686646,35.0,RAIL,{'PASSENGERS': 76},4.0,waggon
tankcar_as_1850,1850,1950,36525,,,13.8888888889,10.0,RAIL,"{'CRUDE': 28, 'OIL': 28, 'FUEL': 28}",1.0,waggon
tankcar_as_1900,1900,2000,36525,,,22.2222222222,20.0,RAIL,"{'CRUDE': 48, 'OIL': 48, 'FUEL': 48}",2.0,waggon
tankcar_as_1950,1950,0,36525,,,33.3333333333,30.0,RAIL,"{'CRUDE': 72, 'OIL': 72, 'FUEL': 72}",3.0,waggon
tvz_61_4447_v2,2010,0,36525,,,55.560001373291,40.0,RAIL,{'PASSENGERS': 92},2.0,waggon
bilevel_v2,1976,0,29220,,,38.889999389648,50.0,RAIL,{'PASSENGERS': 132},4.0,waggon
boxcar_1850,1850,1950,29220,,,13.8888888889,10.0,RAIL,"{'PLASTIC': 28, 'MACHINES': 28, 'TOOLS': 28, 'FOOD': 28, 'GOODS': 28}",1.0,waggon
boxcar_1902,1900,2000,32873,,,22.2222222222,15.0,RAIL,"{'PLASTIC': 48, 'MACHINES': 48, 'TOOLS': 48, 'FOOD': 48, 'GOODS': 48}",2.0,waggon
boxcar_1945,1950,0,36525,,,33.3333333333,25.0,RAIL,"{'PLASTIC': 72, 'MACHINES': 72, 'TOOLS': 72, 'FOOD': 72, 'GOODS': 72}",3.0,waggon
golden_sand_v2,1950,2010,25568,,,50.0,35.0,RAIL,{'PASSENGERS': 76},1.0,waggon
gondola_1850,1850,1950,29220,,,13.888889312744,10.0,RAIL,"{'COAL': 28, 'IRON_ORE': 28, 'STONE': 28, 'GRAIN': 28}",1.0,waggon
gondola_1907,1900,2000,32873,,,22.2222222222,15.0,RAIL,"{'COAL': 48, 'IRON_ORE': 48, 'STONE': 48, 'GRAIN': 48}",2.0,waggon
gondola_1955,1950,0,36525,,,33.3333333333,20.0,RAIL,"{'COAL': 72, 'IRON_ORE': 72, 'STONE': 72, 'GRAIN': 72}",3.0,waggon
parlor_v2,1915,1980,25568,,,50.0,35.0,RAIL,{'PASSENGERS': 76},1.0,waggon
pullman_1850_v2,1850,1880,18263,,,13.890000343323,20.0,RAIL,{'PASSENGERS': 56},2.0,waggon
pullman_1876_v2,1875,1910,21915,,,22.219999313354,25.0,RAIL,{'PASSENGERS': 64},2.0,waggon
pullman_1900_v2,1900,1965,21915,,,30.559999465942,40.0,RAIL,{'PASSENGERS': 80},2.0,waggon
stake_car_1850,1850,1950,29220,,,13.8888888889,8.0,RAIL,"{'LOGS': 28, 'STEEL': 28, 'PLANKS': 28, 'CONSTRUCTION_MATERIALS': 28}",1.0,waggon
stake_car_1895,1900,2000,32873,,,22.2222222222,12.0,RAIL,"{'LOGS': 48, 'STEEL': 48, 'PLANKS': 48, 'CONSTRUCTION_MATERIALS': 48}",2.0,waggon
stake_car_1952,1950,0,36525,,,33.3333333333,15.0,RAIL,"{'LOGS': 72, 'STEEL': 72, 'PLANKS': 72, 'CONSTRUCTION_MATERIALS': 72}",3.0,waggon
streamlined_santa_fe_v2,1935,2000,25568,,,41.669998168945,30.0,RAIL,{'PASSENGERS': 72},1.0,waggon
tankcar_1860,1850,1950,29220,,,13.8888888889,10.0,RAIL,"{'CRUDE': 28, 'OIL': 28, 'FUEL': 28}",1.0,waggon
tankcar_1899,1900,2000,32873,,,22.2222222222,15.0,RAIL,"{'CRUDE': 48, 'OIL': 48, 'FUEL': 48}",2.0,waggon
tankcar_1948,1950,0,36525,,,33.3333333333,20.0,RAIL,"{'CRUDE': 72, 'OIL': 72, 'FUEL': 72}",3.0,waggon
